model,role,fact_id,group,status,source_type
olmo,control,provider_name,identity,prose,card
olmo,control,model_name,identity,structured,hub_api
olmo,control,model_version,identity,structured,hub_api
olmo,control,model_authenticity,identity,structured,hub_api
olmo,control,release_date,identity,not_stated,card
olmo,control,eu_release_date,identity,not_stated,card
olmo,control,license,licensing,structured,card_metadata
olmo,control,acceptable_use_policy,licensing,prose,card
olmo,control,access_conditions,licensing,structured,hub_api
olmo,control,additional_assets,licensing,prose,card
olmo,control,architecture_family,architecture,prose,card
olmo,control,architecture_details,architecture,not_stated,card
olmo,control,param_count,architecture,structured,hub_api
olmo,control,input_modalities,architecture,structured,hub_api
olmo,control,max_input_size,architecture,structured,repo_config
olmo,control,output_modalities,architecture,structured,hub_api
olmo,control,max_output_size,architecture,not_stated,card
olmo,control,task,architecture,structured,hub_api
olmo,control,weights_precision,architecture,structured,repo_config
olmo,control,training_datasets,training_data,structured,card_metadata
olmo,control,data_modality,training_data,not_stated,card
olmo,control,data_provenance,training_data,not_stated,card
olmo,control,data_acquisition,training_data,not_stated,card
olmo,control,training_data_size,training_data,not_stated,card
olmo,control,data_scope,training_data,prose,card
olmo,control,knowledge_cutoff,training_data,prose,card
olmo,control,data_curation,training_data,not_stated,card
olmo,control,unsuitable_data_measures,training_data,not_stated,card
olmo,control,personal_data,training_data,not_stated,card
olmo,control,data_bias_measures,training_data,not_stated,card
olmo,control,training_method,training_process,prose,card
olmo,control,design_rationale,training_process,not_stated,card
olmo,control,hyperparameters,training_process,not_stated,card
olmo,control,training_hardware,training_process,not_stated,card
olmo,control,training_time,training_process,not_stated,card
olmo,control,training_compute,training_process,not_stated,card
olmo,control,compute_methodology,training_process,not_stated,card
olmo,control,training_energy,energy,not_stated,card
olmo,control,energy_methodology,energy,not_stated,card
olmo,control,carbon_emissions,energy,not_stated,card
olmo,control,inference_compute,energy,not_stated,card
olmo,control,intended_uses,use,prose,card
olmo,control,out_of_scope_uses,use,not_stated,card
olmo,control,target_systems,use,not_stated,card
olmo,control,integration_means,use,prose,card
olmo,control,required_hardware,use,not_stated,card
olmo,control,required_software,use,structured,card_metadata
olmo,control,limitations,use,prose,card
olmo,control,languages,use,structured,card_metadata
olmo,control,eval_results,evaluation,prose,card
olmo,control,eval_datasets,evaluation,prose,card
olmo,control,eval_methodology,evaluation,not_stated,card
olmo,control,safety_evaluation,safety,prose,card
olmo,control,bias_fairness_evaluation,safety,not_stated,card
olmo,control,autonomy,safety,not_stated,card
olmo,control,explainability,safety,not_stated,card
olmo,control,standards_compliance,safety,not_stated,card
olmo,control,base_model,lineage,structured,card_metadata
olmo,control,base_model_relation,lineage,structured,hub_api
olmo,control,distribution_channels,distribution,prose,card
olmo,control,download_location,distribution,structured,hub_api
llama,major,provider_name,identity,prose,card
llama,major,model_name,identity,structured,hub_api
llama,major,model_version,identity,structured,hub_api
llama,major,model_authenticity,identity,structured,hub_api
llama,major,release_date,identity,prose,card
llama,major,eu_release_date,identity,not_stated,card
llama,major,license,licensing,structured,card_metadata
llama,major,acceptable_use_policy,licensing,prose,card
llama,major,access_conditions,licensing,structured,hub_api
llama,major,additional_assets,licensing,prose,card
llama,major,architecture_family,architecture,prose,card
llama,major,architecture_details,architecture,prose,card
llama,major,param_count,architecture,structured,hub_api
llama,major,input_modalities,architecture,structured,hub_api
llama,major,max_input_size,architecture,prose,card
llama,major,output_modalities,architecture,structured,hub_api
llama,major,max_output_size,architecture,not_stated,card
llama,major,task,architecture,structured,hub_api
llama,major,weights_precision,architecture,prose,card
llama,major,training_datasets,training_data,not_stated,card
llama,major,data_modality,training_data,prose,card
llama,major,data_provenance,training_data,prose,card
llama,major,data_acquisition,training_data,prose,card
llama,major,training_data_size,training_data,prose,card
llama,major,data_scope,training_data,prose,card
llama,major,knowledge_cutoff,training_data,prose,card
llama,major,data_curation,training_data,prose,card
llama,major,unsuitable_data_measures,training_data,prose,card
llama,major,personal_data,training_data,prose,card
llama,major,data_bias_measures,training_data,not_stated,card
llama,major,training_method,training_process,prose,card
llama,major,design_rationale,training_process,prose,card
llama,major,hyperparameters,training_process,not_stated,card
llama,major,training_hardware,training_process,prose,card
llama,major,training_time,training_process,prose,card
llama,major,training_compute,training_process,not_stated,card
llama,major,compute_methodology,training_process,prose,card
llama,major,training_energy,energy,not_stated,card
llama,major,energy_methodology,energy,prose,card
llama,major,carbon_emissions,energy,prose,card
llama,major,inference_compute,energy,not_stated,card
llama,major,intended_uses,use,prose,card
llama,major,out_of_scope_uses,use,prose,card
llama,major,target_systems,use,prose,card
llama,major,integration_means,use,prose,card
llama,major,required_hardware,use,prose,card
llama,major,required_software,use,structured,card_metadata
llama,major,limitations,use,prose,card
llama,major,languages,use,structured,card_metadata
llama,major,eval_results,evaluation,prose,card
llama,major,eval_datasets,evaluation,prose,card
llama,major,eval_methodology,evaluation,prose,card
llama,major,safety_evaluation,safety,prose,card
llama,major,bias_fairness_evaluation,safety,not_stated,card
llama,major,autonomy,safety,not_stated,card
llama,major,explainability,safety,not_stated,card
llama,major,standards_compliance,safety,not_stated,card
llama,major,base_model,lineage,structured,card_metadata
llama,major,base_model_relation,lineage,structured,hub_api
llama,major,distribution_channels,distribution,prose,card
llama,major,download_location,distribution,structured,hub_api
gemma,major,provider_name,identity,prose,card
gemma,major,model_name,identity,structured,hub_api
gemma,major,model_version,identity,structured,hub_api
gemma,major,model_authenticity,identity,structured,hub_api
gemma,major,release_date,identity,not_stated,card
gemma,major,eu_release_date,identity,not_stated,card
gemma,major,license,licensing,structured,card_metadata
gemma,major,acceptable_use_policy,licensing,not_stated,card
gemma,major,access_conditions,licensing,structured,hub_api
gemma,major,additional_assets,licensing,prose,card
gemma,major,architecture_family,architecture,prose,card
gemma,major,architecture_details,architecture,prose,card
gemma,major,param_count,architecture,structured,hub_api
gemma,major,input_modalities,architecture,structured,card_metadata
gemma,major,max_input_size,architecture,structured,repo_config
gemma,major,output_modalities,architecture,structured,card_metadata
gemma,major,max_output_size,architecture,not_stated,card
gemma,major,task,architecture,structured,card_metadata
gemma,major,weights_precision,architecture,structured,repo_config
gemma,major,training_datasets,training_data,not_stated,card
gemma,major,data_modality,training_data,prose,card
gemma,major,data_provenance,training_data,prose,card
gemma,major,data_acquisition,training_data,prose,card
gemma,major,training_data_size,training_data,not_stated,card
gemma,major,data_scope,training_data,prose,card
gemma,major,knowledge_cutoff,training_data,prose,card
gemma,major,data_curation,training_data,prose,card
gemma,major,unsuitable_data_measures,training_data,prose,card
gemma,major,personal_data,training_data,prose,card
gemma,major,data_bias_measures,training_data,prose,card
gemma,major,training_method,training_process,not_stated,card
gemma,major,design_rationale,training_process,prose,card
gemma,major,hyperparameters,training_process,not_stated,card
gemma,major,training_hardware,training_process,not_stated,card
gemma,major,training_time,training_process,not_stated,card
gemma,major,training_compute,training_process,not_stated,card
gemma,major,compute_methodology,training_process,not_stated,card
gemma,major,training_energy,energy,not_stated,card
gemma,major,energy_methodology,energy,not_stated,card
gemma,major,carbon_emissions,energy,not_stated,card
gemma,major,inference_compute,energy,not_stated,card
gemma,major,intended_uses,use,prose,card
gemma,major,out_of_scope_uses,use,not_stated,card
gemma,major,target_systems,use,prose,card
gemma,major,integration_means,use,prose,card
gemma,major,required_hardware,use,not_stated,card
gemma,major,required_software,use,structured,card_metadata
gemma,major,limitations,use,prose,card
gemma,major,languages,use,prose,card
gemma,major,eval_results,evaluation,prose,card
gemma,major,eval_datasets,evaluation,prose,card
gemma,major,eval_methodology,evaluation,not_stated,card
gemma,major,safety_evaluation,safety,prose,card
gemma,major,bias_fairness_evaluation,safety,not_stated,card
gemma,major,autonomy,safety,prose,card
gemma,major,explainability,safety,not_stated,card
gemma,major,standards_compliance,safety,prose,card
gemma,major,base_model,lineage,structured,card_metadata
gemma,major,base_model_relation,lineage,structured,hub_api
gemma,major,distribution_channels,distribution,prose,card
gemma,major,download_location,distribution,structured,hub_api
mistral,major,provider_name,identity,prose,card
mistral,major,model_name,identity,structured,hub_api
mistral,major,model_version,identity,structured,hub_api
mistral,major,model_authenticity,identity,structured,hub_api
mistral,major,release_date,identity,not_stated,card
mistral,major,eu_release_date,identity,not_stated,card
mistral,major,license,licensing,structured,card_metadata
mistral,major,acceptable_use_policy,licensing,prose,card
mistral,major,access_conditions,licensing,structured,hub_api
mistral,major,additional_assets,licensing,prose,card
mistral,major,architecture_family,architecture,prose,card
mistral,major,architecture_details,architecture,prose,card
mistral,major,param_count,architecture,structured,hub_api
mistral,major,input_modalities,architecture,prose,card
mistral,major,max_input_size,architecture,structured,repo_config
mistral,major,output_modalities,architecture,prose,card
mistral,major,max_output_size,architecture,not_stated,card
mistral,major,task,architecture,not_stated,
mistral,major,weights_precision,architecture,structured,repo_config
mistral,major,training_datasets,training_data,not_stated,card
mistral,major,data_modality,training_data,not_stated,card
mistral,major,data_provenance,training_data,not_stated,card
mistral,major,data_acquisition,training_data,not_stated,card
mistral,major,training_data_size,training_data,not_stated,card
mistral,major,data_scope,training_data,not_stated,card
mistral,major,knowledge_cutoff,training_data,not_stated,card
mistral,major,data_curation,training_data,not_stated,card
mistral,major,unsuitable_data_measures,training_data,not_stated,card
mistral,major,personal_data,training_data,not_stated,card
mistral,major,data_bias_measures,training_data,not_stated,card
mistral,major,training_method,training_process,prose,card
mistral,major,design_rationale,training_process,prose,card
mistral,major,hyperparameters,training_process,not_stated,card
mistral,major,training_hardware,training_process,not_stated,card
mistral,major,training_time,training_process,not_stated,card
mistral,major,training_compute,training_process,not_stated,card
mistral,major,compute_methodology,training_process,not_stated,card
mistral,major,training_energy,energy,not_stated,card
mistral,major,energy_methodology,energy,not_stated,card
mistral,major,carbon_emissions,energy,not_stated,card
mistral,major,inference_compute,energy,not_stated,card
mistral,major,intended_uses,use,prose,card
mistral,major,out_of_scope_uses,use,prose,card
mistral,major,target_systems,use,prose,card
mistral,major,integration_means,use,prose,card
mistral,major,required_hardware,use,prose,card
mistral,major,required_software,use,structured,repo_config
mistral,major,limitations,use,prose,card
mistral,major,languages,use,structured,card_metadata
mistral,major,eval_results,evaluation,prose,card
mistral,major,eval_datasets,evaluation,prose,card
mistral,major,eval_methodology,evaluation,not_stated,card
mistral,major,safety_evaluation,safety,not_stated,card
mistral,major,bias_fairness_evaluation,safety,not_stated,card
mistral,major,autonomy,safety,not_stated,card
mistral,major,explainability,safety,not_stated,card
mistral,major,standards_compliance,safety,not_stated,card
mistral,major,base_model,lineage,not_stated,card
mistral,major,base_model_relation,lineage,not_stated,card
mistral,major,distribution_channels,distribution,prose,card
mistral,major,download_location,distribution,structured,hub_api
qwen,major,provider_name,identity,prose,card
qwen,major,model_name,identity,structured,hub_api
qwen,major,model_version,identity,structured,hub_api
qwen,major,model_authenticity,identity,structured,hub_api
qwen,major,release_date,identity,not_stated,card
qwen,major,eu_release_date,identity,not_stated,card
qwen,major,license,licensing,structured,card_metadata
qwen,major,acceptable_use_policy,licensing,not_stated,card
qwen,major,access_conditions,licensing,structured,hub_api
qwen,major,additional_assets,licensing,prose,card
qwen,major,architecture_family,architecture,prose,card
qwen,major,architecture_details,architecture,prose,card
qwen,major,param_count,architecture,structured,hub_api
qwen,major,input_modalities,architecture,structured,card_metadata
qwen,major,max_input_size,architecture,structured,repo_config
qwen,major,output_modalities,architecture,structured,card_metadata
qwen,major,max_output_size,architecture,prose,card
qwen,major,task,architecture,structured,card_metadata
qwen,major,weights_precision,architecture,structured,repo_config
qwen,major,training_datasets,training_data,not_stated,card
qwen,major,data_modality,training_data,not_stated,card
qwen,major,data_provenance,training_data,not_stated,card
qwen,major,data_acquisition,training_data,not_stated,card
qwen,major,training_data_size,training_data,not_stated,card
qwen,major,data_scope,training_data,not_stated,card
qwen,major,knowledge_cutoff,training_data,not_stated,card
qwen,major,data_curation,training_data,not_stated,card
qwen,major,unsuitable_data_measures,training_data,not_stated,card
qwen,major,personal_data,training_data,not_stated,card
qwen,major,data_bias_measures,training_data,not_stated,card
qwen,major,training_method,training_process,prose,card
qwen,major,design_rationale,training_process,not_stated,card
qwen,major,hyperparameters,training_process,not_stated,card
qwen,major,training_hardware,training_process,not_stated,card
qwen,major,training_time,training_process,not_stated,card
qwen,major,training_compute,training_process,not_stated,card
qwen,major,compute_methodology,training_process,not_stated,card
qwen,major,training_energy,energy,not_stated,card
qwen,major,energy_methodology,energy,not_stated,card
qwen,major,carbon_emissions,energy,not_stated,card
qwen,major,inference_compute,energy,not_stated,card
qwen,major,intended_uses,use,prose,card
qwen,major,out_of_scope_uses,use,not_stated,card
qwen,major,target_systems,use,prose,card
qwen,major,integration_means,use,prose,card
qwen,major,required_hardware,use,not_stated,card
qwen,major,required_software,use,structured,card_metadata
qwen,major,limitations,use,prose,card
qwen,major,languages,use,not_stated,card
qwen,major,eval_results,evaluation,prose,card
qwen,major,eval_datasets,evaluation,prose,card
qwen,major,eval_methodology,evaluation,prose,card
qwen,major,safety_evaluation,safety,not_stated,card
qwen,major,bias_fairness_evaluation,safety,not_stated,card
qwen,major,autonomy,safety,prose,card
qwen,major,explainability,safety,not_stated,card
qwen,major,standards_compliance,safety,not_stated,card
qwen,major,base_model,lineage,not_stated,card
qwen,major,base_model_relation,lineage,not_stated,card
qwen,major,distribution_channels,distribution,prose,card
qwen,major,download_location,distribution,structured,hub_api
deepseek,major,provider_name,identity,prose,card
deepseek,major,model_name,identity,structured,hub_api
deepseek,major,model_version,identity,structured,hub_api
deepseek,major,model_authenticity,identity,structured,hub_api
deepseek,major,release_date,identity,not_stated,card
deepseek,major,eu_release_date,identity,not_stated,card
deepseek,major,license,licensing,structured,card_metadata
deepseek,major,acceptable_use_policy,licensing,not_stated,card
deepseek,major,access_conditions,licensing,structured,hub_api
deepseek,major,additional_assets,licensing,prose,card
deepseek,major,architecture_family,architecture,prose,card
deepseek,major,architecture_details,architecture,prose,card
deepseek,major,param_count,architecture,structured,hub_api
deepseek,major,input_modalities,architecture,structured,card_metadata
deepseek,major,max_input_size,architecture,structured,repo_config
deepseek,major,output_modalities,architecture,structured,card_metadata
deepseek,major,max_output_size,architecture,not_stated,card
deepseek,major,task,architecture,structured,card_metadata
deepseek,major,weights_precision,architecture,structured,repo_config
deepseek,major,training_datasets,training_data,not_stated,card
deepseek,major,data_modality,training_data,prose,card
deepseek,major,data_provenance,training_data,prose,card
deepseek,major,data_acquisition,training_data,prose,card
deepseek,major,training_data_size,training_data,prose,card
deepseek,major,data_scope,training_data,prose,card
deepseek,major,knowledge_cutoff,training_data,not_stated,card
deepseek,major,data_curation,training_data,prose,card
deepseek,major,unsuitable_data_measures,training_data,not_stated,card
deepseek,major,personal_data,training_data,not_stated,card
deepseek,major,data_bias_measures,training_data,not_stated,card
deepseek,major,training_method,training_process,prose,card
deepseek,major,design_rationale,training_process,prose,card
deepseek,major,hyperparameters,training_process,prose,card
deepseek,major,training_hardware,training_process,not_stated,card
deepseek,major,training_time,training_process,not_stated,card
deepseek,major,training_compute,training_process,not_stated,card
deepseek,major,compute_methodology,training_process,not_stated,card
deepseek,major,training_energy,energy,not_stated,card
deepseek,major,energy_methodology,energy,not_stated,card
deepseek,major,carbon_emissions,energy,not_stated,card
deepseek,major,inference_compute,energy,not_stated,card
deepseek,major,intended_uses,use,not_stated,card
deepseek,major,out_of_scope_uses,use,not_stated,card
deepseek,major,target_systems,use,prose,card
deepseek,major,integration_means,use,prose,card
deepseek,major,required_hardware,use,not_stated,card
deepseek,major,required_software,use,structured,card_metadata
deepseek,major,limitations,use,not_stated,card
deepseek,major,languages,use,not_stated,card
deepseek,major,eval_results,evaluation,prose,card
deepseek,major,eval_datasets,evaluation,prose,card
deepseek,major,eval_methodology,evaluation,prose,card
deepseek,major,safety_evaluation,safety,not_stated,card
deepseek,major,bias_fairness_evaluation,safety,not_stated,card
deepseek,major,autonomy,safety,not_stated,card
deepseek,major,explainability,safety,not_stated,card
deepseek,major,standards_compliance,safety,not_stated,card
deepseek,major,base_model,lineage,not_stated,card
deepseek,major,base_model_relation,lineage,not_stated,card
deepseek,major,distribution_channels,distribution,prose,card
deepseek,major,download_location,distribution,structured,hub_api
phi,major,provider_name,identity,prose,card
phi,major,model_name,identity,structured,hub_api
phi,major,model_version,identity,structured,hub_api
phi,major,model_authenticity,identity,structured,hub_api
phi,major,release_date,identity,prose,card
phi,major,eu_release_date,identity,not_stated,card
phi,major,license,licensing,structured,card_metadata
phi,major,acceptable_use_policy,licensing,prose,card
phi,major,access_conditions,licensing,structured,hub_api
phi,major,additional_assets,licensing,prose,card
phi,major,architecture_family,architecture,prose,card
phi,major,architecture_details,architecture,prose,card
phi,major,param_count,architecture,structured,hub_api
phi,major,input_modalities,architecture,structured,card_metadata
phi,major,max_input_size,architecture,structured,repo_config
phi,major,output_modalities,architecture,structured,card_metadata
phi,major,max_output_size,architecture,not_stated,card
phi,major,task,architecture,structured,card_metadata
phi,major,weights_precision,architecture,structured,repo_config
phi,major,training_datasets,training_data,not_stated,card
phi,major,data_modality,training_data,prose,card
phi,major,data_provenance,training_data,prose,card
phi,major,data_acquisition,training_data,prose,card
phi,major,training_data_size,training_data,not_stated,card
phi,major,data_scope,training_data,prose,card
phi,major,knowledge_cutoff,training_data,not_stated,card
phi,major,data_curation,training_data,prose,card
phi,major,unsuitable_data_measures,training_data,not_stated,card
phi,major,personal_data,training_data,not_stated,card
phi,major,data_bias_measures,training_data,prose,card
phi,major,training_method,training_process,prose,card
phi,major,design_rationale,training_process,prose,card
phi,major,hyperparameters,training_process,not_stated,card
phi,major,training_hardware,training_process,prose,card
phi,major,training_time,training_process,prose,card
phi,major,training_compute,training_process,not_stated,card
phi,major,compute_methodology,training_process,not_stated,card
phi,major,training_energy,energy,not_stated,card
phi,major,energy_methodology,energy,not_stated,card
phi,major,carbon_emissions,energy,not_stated,card
phi,major,inference_compute,energy,not_stated,card
phi,major,intended_uses,use,prose,card
phi,major,out_of_scope_uses,use,prose,card
phi,major,target_systems,use,prose,card
phi,major,integration_means,use,prose,card
phi,major,required_hardware,use,not_stated,card
phi,major,required_software,use,structured,repo_config
phi,major,limitations,use,prose,card
phi,major,languages,use,structured,card_metadata
phi,major,eval_results,evaluation,structured,card_metadata
phi,major,eval_datasets,evaluation,structured,card_metadata
phi,major,eval_methodology,evaluation,prose,card
phi,major,safety_evaluation,safety,prose,card
phi,major,bias_fairness_evaluation,safety,not_stated,card
phi,major,autonomy,safety,not_stated,card
phi,major,explainability,safety,not_stated,card
phi,major,standards_compliance,safety,prose,card
phi,major,base_model,lineage,structured,card_metadata
phi,major,base_model_relation,lineage,structured,hub_api
phi,major,distribution_channels,distribution,prose,card
phi,major,download_location,distribution,structured,hub_api
smollm,major,provider_name,identity,not_stated,card
smollm,major,model_name,identity,structured,hub_api
smollm,major,model_version,identity,structured,hub_api
smollm,major,model_authenticity,identity,structured,hub_api
smollm,major,release_date,identity,not_stated,card
smollm,major,eu_release_date,identity,not_stated,card
smollm,major,license,licensing,structured,card_metadata
smollm,major,acceptable_use_policy,licensing,not_stated,card
smollm,major,access_conditions,licensing,structured,hub_api
smollm,major,additional_assets,licensing,prose,card
smollm,major,architecture_family,architecture,prose,card
smollm,major,architecture_details,architecture,prose,card
smollm,major,param_count,architecture,structured,hub_api
smollm,major,input_modalities,architecture,structured,hub_api
smollm,major,max_input_size,architecture,structured,repo_config
smollm,major,output_modalities,architecture,structured,hub_api
smollm,major,max_output_size,architecture,not_stated,card
smollm,major,task,architecture,structured,hub_api
smollm,major,weights_precision,architecture,structured,repo_config
smollm,major,training_datasets,training_data,not_stated,card
smollm,major,data_modality,training_data,not_stated,card
smollm,major,data_provenance,training_data,prose,card
smollm,major,data_acquisition,training_data,prose,card
smollm,major,training_data_size,training_data,prose,card
smollm,major,data_scope,training_data,prose,card
smollm,major,knowledge_cutoff,training_data,not_stated,card
smollm,major,data_curation,training_data,not_stated,card
smollm,major,unsuitable_data_measures,training_data,not_stated,card
smollm,major,personal_data,training_data,not_stated,card
smollm,major,data_bias_measures,training_data,not_stated,card
smollm,major,training_method,training_process,prose,card
smollm,major,design_rationale,training_process,not_stated,card
smollm,major,hyperparameters,training_process,not_stated,card
smollm,major,training_hardware,training_process,prose,card
smollm,major,training_time,training_process,not_stated,card
smollm,major,training_compute,training_process,not_stated,card
smollm,major,compute_methodology,training_process,not_stated,card
smollm,major,training_energy,energy,not_stated,card
smollm,major,energy_methodology,energy,not_stated,card
smollm,major,carbon_emissions,energy,not_stated,card
smollm,major,inference_compute,energy,not_stated,card
smollm,major,intended_uses,use,prose,card
smollm,major,out_of_scope_uses,use,prose,card
smollm,major,target_systems,use,prose,card
smollm,major,integration_means,use,prose,card
smollm,major,required_hardware,use,not_stated,card
smollm,major,required_software,use,structured,card_metadata
smollm,major,limitations,use,prose,card
smollm,major,languages,use,structured,card_metadata
smollm,major,eval_results,evaluation,prose,card
smollm,major,eval_datasets,evaluation,prose,card
smollm,major,eval_methodology,evaluation,prose,card
smollm,major,safety_evaluation,safety,not_stated,card
smollm,major,bias_fairness_evaluation,safety,not_stated,card
smollm,major,autonomy,safety,prose,card
smollm,major,explainability,safety,not_stated,card
smollm,major,standards_compliance,safety,prose,card
smollm,major,base_model,lineage,structured,card_metadata
smollm,major,base_model_relation,lineage,structured,hub_api
smollm,major,distribution_channels,distribution,prose,card
smollm,major,download_location,distribution,structured,hub_api
falcon,major,provider_name,identity,prose,card
falcon,major,model_name,identity,structured,hub_api
falcon,major,model_version,identity,structured,hub_api
falcon,major,model_authenticity,identity,structured,hub_api
falcon,major,release_date,identity,not_stated,card
falcon,major,eu_release_date,identity,not_stated,card
falcon,major,license,licensing,structured,card_metadata
falcon,major,acceptable_use_policy,licensing,not_stated,card
falcon,major,access_conditions,licensing,structured,hub_api
falcon,major,additional_assets,licensing,prose,card
falcon,major,architecture_family,architecture,prose,card
falcon,major,architecture_details,architecture,prose,card
falcon,major,param_count,architecture,structured,hub_api
falcon,major,input_modalities,architecture,structured,card_metadata
falcon,major,max_input_size,architecture,structured,repo_config
falcon,major,output_modalities,architecture,structured,card_metadata
falcon,major,max_output_size,architecture,prose,card
falcon,major,task,architecture,structured,card_metadata
falcon,major,weights_precision,architecture,structured,repo_config
falcon,major,training_datasets,training_data,not_stated,card
falcon,major,data_modality,training_data,not_stated,card
falcon,major,data_provenance,training_data,not_stated,card
falcon,major,data_acquisition,training_data,not_stated,card
falcon,major,training_data_size,training_data,not_stated,card
falcon,major,data_scope,training_data,not_stated,card
falcon,major,knowledge_cutoff,training_data,not_stated,card
falcon,major,data_curation,training_data,not_stated,card
falcon,major,unsuitable_data_measures,training_data,not_stated,card
falcon,major,personal_data,training_data,not_stated,card
falcon,major,data_bias_measures,training_data,not_stated,card
falcon,major,training_method,training_process,prose,card
falcon,major,design_rationale,training_process,not_stated,card
falcon,major,hyperparameters,training_process,not_stated,card
falcon,major,training_hardware,training_process,not_stated,card
falcon,major,training_time,training_process,not_stated,card
falcon,major,training_compute,training_process,not_stated,card
falcon,major,compute_methodology,training_process,not_stated,card
falcon,major,training_energy,energy,not_stated,card
falcon,major,energy_methodology,energy,not_stated,card
falcon,major,carbon_emissions,energy,not_stated,card
falcon,major,inference_compute,energy,not_stated,card
falcon,major,intended_uses,use,not_stated,card
falcon,major,out_of_scope_uses,use,not_stated,card
falcon,major,target_systems,use,not_stated,card
falcon,major,integration_means,use,prose,card
falcon,major,required_hardware,use,not_stated,card
falcon,major,required_software,use,structured,card_metadata
falcon,major,limitations,use,prose,card
falcon,major,languages,use,structured,card_metadata
falcon,major,eval_results,evaluation,prose,card
falcon,major,eval_datasets,evaluation,prose,card
falcon,major,eval_methodology,evaluation,prose,card
falcon,major,safety_evaluation,safety,not_stated,card
falcon,major,bias_fairness_evaluation,safety,not_stated,card
falcon,major,autonomy,safety,not_stated,card
falcon,major,explainability,safety,not_stated,card
falcon,major,standards_compliance,safety,not_stated,card
falcon,major,base_model,lineage,structured,card_metadata
falcon,major,base_model_relation,lineage,structured,hub_api
falcon,major,distribution_channels,distribution,not_stated,card
falcon,major,download_location,distribution,structured,hub_api
granite,major,provider_name,identity,prose,card
granite,major,model_name,identity,structured,hub_api
granite,major,model_version,identity,structured,hub_api
granite,major,model_authenticity,identity,structured,hub_api
granite,major,release_date,identity,prose,card
granite,major,eu_release_date,identity,not_stated,card
granite,major,license,licensing,structured,card_metadata
granite,major,acceptable_use_policy,licensing,not_stated,card
granite,major,access_conditions,licensing,structured,hub_api
granite,major,additional_assets,licensing,prose,card
granite,major,architecture_family,architecture,prose,card
granite,major,architecture_details,architecture,prose,card
granite,major,param_count,architecture,structured,hub_api
granite,major,input_modalities,architecture,structured,card_metadata
granite,major,max_input_size,architecture,structured,repo_config
granite,major,output_modalities,architecture,structured,card_metadata
granite,major,max_output_size,architecture,prose,card
granite,major,task,architecture,structured,card_metadata
granite,major,weights_precision,architecture,structured,repo_config
granite,major,training_datasets,training_data,not_stated,card
granite,major,data_modality,training_data,not_stated,card
granite,major,data_provenance,training_data,prose,card
granite,major,data_acquisition,training_data,prose,card
granite,major,training_data_size,training_data,not_stated,card
granite,major,data_scope,training_data,prose,card
granite,major,knowledge_cutoff,training_data,not_stated,card
granite,major,data_curation,training_data,not_stated,card
granite,major,unsuitable_data_measures,training_data,not_stated,card
granite,major,personal_data,training_data,not_stated,card
granite,major,data_bias_measures,training_data,not_stated,card
granite,major,training_method,training_process,prose,card
granite,major,design_rationale,training_process,prose,card
granite,major,hyperparameters,training_process,not_stated,card
granite,major,training_hardware,training_process,prose,card
granite,major,training_time,training_process,not_stated,card
granite,major,training_compute,training_process,not_stated,card
granite,major,compute_methodology,training_process,not_stated,card
granite,major,training_energy,energy,not_stated,card
granite,major,energy_methodology,energy,not_stated,card
granite,major,carbon_emissions,energy,not_stated,card
granite,major,inference_compute,energy,not_stated,card
granite,major,intended_uses,use,prose,card
granite,major,out_of_scope_uses,use,not_stated,card
granite,major,target_systems,use,prose,card
granite,major,integration_means,use,prose,card
granite,major,required_hardware,use,not_stated,card
granite,major,required_software,use,structured,card_metadata
granite,major,limitations,use,prose,card
granite,major,languages,use,structured,card_metadata
granite,major,eval_results,evaluation,prose,card
granite,major,eval_datasets,evaluation,prose,card
granite,major,eval_methodology,evaluation,prose,card
granite,major,safety_evaluation,safety,not_stated,card
granite,major,bias_fairness_evaluation,safety,not_stated,card
granite,major,autonomy,safety,not_stated,card
granite,major,explainability,safety,not_stated,card
granite,major,standards_compliance,safety,not_stated,card
granite,major,base_model,lineage,structured,card_metadata
granite,major,base_model_relation,lineage,structured,hub_api
granite,major,distribution_channels,distribution,prose,card
granite,major,download_location,distribution,structured,hub_api
olmo_gguf,lineage,provider_name,identity,prose,card
olmo_gguf,lineage,model_name,identity,structured,hub_api
olmo_gguf,lineage,model_version,identity,structured,hub_api
olmo_gguf,lineage,model_authenticity,identity,structured,hub_api
olmo_gguf,lineage,release_date,identity,not_stated,card
olmo_gguf,lineage,eu_release_date,identity,not_stated,card
olmo_gguf,lineage,license,licensing,structured,card_metadata
olmo_gguf,lineage,acceptable_use_policy,licensing,prose,card
olmo_gguf,lineage,access_conditions,licensing,structured,hub_api
olmo_gguf,lineage,additional_assets,licensing,prose,card
olmo_gguf,lineage,architecture_family,architecture,prose,card
olmo_gguf,lineage,architecture_details,architecture,not_stated,card
olmo_gguf,lineage,param_count,architecture,structured,hub_api
olmo_gguf,lineage,input_modalities,architecture,not_stated,card
olmo_gguf,lineage,max_input_size,architecture,not_stated,card
olmo_gguf,lineage,output_modalities,architecture,not_stated,card
olmo_gguf,lineage,max_output_size,architecture,not_stated,card
olmo_gguf,lineage,task,architecture,not_stated,
olmo_gguf,lineage,weights_precision,architecture,structured,card_metadata
olmo_gguf,lineage,training_datasets,training_data,prose,card
olmo_gguf,lineage,data_modality,training_data,not_stated,card
olmo_gguf,lineage,data_provenance,training_data,not_stated,card
olmo_gguf,lineage,data_acquisition,training_data,not_stated,card
olmo_gguf,lineage,training_data_size,training_data,not_stated,card
olmo_gguf,lineage,data_scope,training_data,prose,card
olmo_gguf,lineage,knowledge_cutoff,training_data,prose,card
olmo_gguf,lineage,data_curation,training_data,not_stated,card
olmo_gguf,lineage,unsuitable_data_measures,training_data,not_stated,card
olmo_gguf,lineage,personal_data,training_data,not_stated,card
olmo_gguf,lineage,data_bias_measures,training_data,not_stated,card
olmo_gguf,lineage,training_method,training_process,prose,card
olmo_gguf,lineage,design_rationale,training_process,not_stated,card
olmo_gguf,lineage,hyperparameters,training_process,not_stated,card
olmo_gguf,lineage,training_hardware,training_process,not_stated,card
olmo_gguf,lineage,training_time,training_process,not_stated,card
olmo_gguf,lineage,training_compute,training_process,not_stated,card
olmo_gguf,lineage,compute_methodology,training_process,not_stated,card
olmo_gguf,lineage,training_energy,energy,not_stated,card
olmo_gguf,lineage,energy_methodology,energy,not_stated,card
olmo_gguf,lineage,carbon_emissions,energy,not_stated,card
olmo_gguf,lineage,inference_compute,energy,not_stated,card
olmo_gguf,lineage,intended_uses,use,prose,card
olmo_gguf,lineage,out_of_scope_uses,use,not_stated,card
olmo_gguf,lineage,target_systems,use,not_stated,card
olmo_gguf,lineage,integration_means,use,prose,card
olmo_gguf,lineage,required_hardware,use,not_stated,card
olmo_gguf,lineage,required_software,use,prose,card
olmo_gguf,lineage,limitations,use,prose,card
olmo_gguf,lineage,languages,use,structured,card_metadata
olmo_gguf,lineage,eval_results,evaluation,prose,card
olmo_gguf,lineage,eval_datasets,evaluation,rejected_quote,card
olmo_gguf,lineage,eval_methodology,evaluation,not_stated,card
olmo_gguf,lineage,safety_evaluation,safety,prose,card
olmo_gguf,lineage,bias_fairness_evaluation,safety,not_stated,card
olmo_gguf,lineage,autonomy,safety,not_stated,card
olmo_gguf,lineage,explainability,safety,not_stated,card
olmo_gguf,lineage,standards_compliance,safety,not_stated,card
olmo_gguf,lineage,base_model,lineage,structured,card_metadata
olmo_gguf,lineage,base_model_relation,lineage,structured,hub_api
olmo_gguf,lineage,distribution_channels,distribution,prose,card
olmo_gguf,lineage,download_location,distribution,structured,hub_api
molmo2,lineage,provider_name,identity,prose,card
molmo2,lineage,model_name,identity,structured,hub_api
molmo2,lineage,model_version,identity,structured,hub_api
molmo2,lineage,model_authenticity,identity,structured,hub_api
molmo2,lineage,release_date,identity,not_stated,card
molmo2,lineage,eu_release_date,identity,not_stated,card
molmo2,lineage,license,licensing,structured,card_metadata
molmo2,lineage,acceptable_use_policy,licensing,prose,card
molmo2,lineage,access_conditions,licensing,structured,hub_api
molmo2,lineage,additional_assets,licensing,prose,card
molmo2,lineage,architecture_family,architecture,prose,card
molmo2,lineage,architecture_details,architecture,prose,card
molmo2,lineage,param_count,architecture,structured,hub_api
molmo2,lineage,input_modalities,architecture,structured,card_metadata
molmo2,lineage,max_input_size,architecture,structured,repo_config
molmo2,lineage,output_modalities,architecture,structured,card_metadata
molmo2,lineage,max_output_size,architecture,not_stated,card
molmo2,lineage,task,architecture,structured,card_metadata
molmo2,lineage,weights_precision,architecture,structured,repo_config
molmo2,lineage,training_datasets,training_data,structured,card_metadata
molmo2,lineage,data_modality,training_data,prose,card
molmo2,lineage,data_provenance,training_data,prose,card
molmo2,lineage,data_acquisition,training_data,prose,card
molmo2,lineage,training_data_size,training_data,not_stated,card
molmo2,lineage,data_scope,training_data,prose,card
molmo2,lineage,knowledge_cutoff,training_data,not_stated,card
molmo2,lineage,data_curation,training_data,not_stated,card
molmo2,lineage,unsuitable_data_measures,training_data,not_stated,card
molmo2,lineage,personal_data,training_data,not_stated,card
molmo2,lineage,data_bias_measures,training_data,not_stated,card
molmo2,lineage,training_method,training_process,not_stated,card
molmo2,lineage,design_rationale,training_process,not_stated,card
molmo2,lineage,hyperparameters,training_process,not_stated,card
molmo2,lineage,training_hardware,training_process,not_stated,card
molmo2,lineage,training_time,training_process,not_stated,card
molmo2,lineage,training_compute,training_process,not_stated,card
molmo2,lineage,compute_methodology,training_process,not_stated,card
molmo2,lineage,training_energy,energy,not_stated,card
molmo2,lineage,energy_methodology,energy,not_stated,card
molmo2,lineage,carbon_emissions,energy,not_stated,card
molmo2,lineage,inference_compute,energy,not_stated,card
molmo2,lineage,intended_uses,use,prose,card
molmo2,lineage,out_of_scope_uses,use,prose,card
molmo2,lineage,target_systems,use,not_stated,card
molmo2,lineage,integration_means,use,prose,card
molmo2,lineage,required_hardware,use,not_stated,card
molmo2,lineage,required_software,use,structured,card_metadata
molmo2,lineage,limitations,use,not_stated,card
molmo2,lineage,languages,use,structured,card_metadata
molmo2,lineage,eval_results,evaluation,prose,card
molmo2,lineage,eval_datasets,evaluation,not_stated,card
molmo2,lineage,eval_methodology,evaluation,not_stated,card
molmo2,lineage,safety_evaluation,safety,not_stated,card
molmo2,lineage,bias_fairness_evaluation,safety,not_stated,card
molmo2,lineage,autonomy,safety,not_stated,card
molmo2,lineage,explainability,safety,not_stated,card
molmo2,lineage,standards_compliance,safety,not_stated,card
molmo2,lineage,base_model,lineage,structured,card_metadata
molmo2,lineage,base_model_relation,lineage,structured,hub_api
molmo2,lineage,distribution_channels,distribution,prose,card
molmo2,lineage,download_location,distribution,structured,hub_api
internvl_gptoss,lineage,provider_name,identity,not_stated,card
internvl_gptoss,lineage,model_name,identity,structured,hub_api
internvl_gptoss,lineage,model_version,identity,structured,hub_api
internvl_gptoss,lineage,model_authenticity,identity,structured,hub_api
internvl_gptoss,lineage,release_date,identity,not_stated,card
internvl_gptoss,lineage,eu_release_date,identity,not_stated,card
internvl_gptoss,lineage,license,licensing,structured,card_metadata
internvl_gptoss,lineage,acceptable_use_policy,licensing,not_stated,card
internvl_gptoss,lineage,access_conditions,licensing,structured,hub_api
internvl_gptoss,lineage,additional_assets,licensing,prose,card
internvl_gptoss,lineage,architecture_family,architecture,prose,card
internvl_gptoss,lineage,architecture_details,architecture,prose,card
internvl_gptoss,lineage,param_count,architecture,structured,hub_api
internvl_gptoss,lineage,input_modalities,architecture,structured,card_metadata
internvl_gptoss,lineage,max_input_size,architecture,structured,repo_config
internvl_gptoss,lineage,output_modalities,architecture,structured,card_metadata
internvl_gptoss,lineage,max_output_size,architecture,not_stated,card
internvl_gptoss,lineage,task,architecture,structured,card_metadata
internvl_gptoss,lineage,weights_precision,architecture,structured,repo_config
internvl_gptoss,lineage,training_datasets,training_data,structured,card_metadata
internvl_gptoss,lineage,data_modality,training_data,prose,card
internvl_gptoss,lineage,data_provenance,training_data,prose,card
internvl_gptoss,lineage,data_acquisition,training_data,prose,card
internvl_gptoss,lineage,training_data_size,training_data,not_stated,card
internvl_gptoss,lineage,data_scope,training_data,prose,card
internvl_gptoss,lineage,knowledge_cutoff,training_data,not_stated,card
internvl_gptoss,lineage,data_curation,training_data,prose,card
internvl_gptoss,lineage,unsuitable_data_measures,training_data,not_stated,card
internvl_gptoss,lineage,personal_data,training_data,not_stated,card
internvl_gptoss,lineage,data_bias_measures,training_data,not_stated,card
internvl_gptoss,lineage,training_method,training_process,prose,card
internvl_gptoss,lineage,design_rationale,training_process,prose,card
internvl_gptoss,lineage,hyperparameters,training_process,prose,card
internvl_gptoss,lineage,training_hardware,training_process,not_stated,card
internvl_gptoss,lineage,training_time,training_process,not_stated,card
internvl_gptoss,lineage,training_compute,training_process,not_stated,card
internvl_gptoss,lineage,compute_methodology,training_process,not_stated,card
internvl_gptoss,lineage,training_energy,energy,not_stated,card
internvl_gptoss,lineage,energy_methodology,energy,not_stated,card
internvl_gptoss,lineage,carbon_emissions,energy,not_stated,card
internvl_gptoss,lineage,inference_compute,energy,not_stated,card
internvl_gptoss,lineage,intended_uses,use,not_stated,card
internvl_gptoss,lineage,out_of_scope_uses,use,not_stated,card
internvl_gptoss,lineage,target_systems,use,prose,card
internvl_gptoss,lineage,integration_means,use,prose,card
internvl_gptoss,lineage,required_hardware,use,prose,card
internvl_gptoss,lineage,required_software,use,structured,card_metadata
internvl_gptoss,lineage,limitations,use,prose,card
internvl_gptoss,lineage,languages,use,structured,card_metadata
internvl_gptoss,lineage,eval_results,evaluation,not_stated,card
internvl_gptoss,lineage,eval_datasets,evaluation,prose,card
internvl_gptoss,lineage,eval_methodology,evaluation,prose,card
internvl_gptoss,lineage,safety_evaluation,safety,not_stated,card
internvl_gptoss,lineage,bias_fairness_evaluation,safety,not_stated,card
internvl_gptoss,lineage,autonomy,safety,not_stated,card
internvl_gptoss,lineage,explainability,safety,not_stated,card
internvl_gptoss,lineage,standards_compliance,safety,not_stated,card
internvl_gptoss,lineage,base_model,lineage,structured,card_metadata
internvl_gptoss,lineage,base_model_relation,lineage,structured,card_metadata
internvl_gptoss,lineage,distribution_channels,distribution,prose,card
internvl_gptoss,lineage,download_location,distribution,structured,hub_api
twil_smollm,lineage,provider_name,identity,prose,card
twil_smollm,lineage,model_name,identity,structured,hub_api
twil_smollm,lineage,model_version,identity,structured,hub_api
twil_smollm,lineage,model_authenticity,identity,structured,hub_api
twil_smollm,lineage,release_date,identity,not_stated,card
twil_smollm,lineage,eu_release_date,identity,not_stated,card
twil_smollm,lineage,license,licensing,structured,card_metadata
twil_smollm,lineage,acceptable_use_policy,licensing,not_stated,card
twil_smollm,lineage,access_conditions,licensing,structured,hub_api
twil_smollm,lineage,additional_assets,licensing,prose,card
twil_smollm,lineage,architecture_family,architecture,prose,card
twil_smollm,lineage,architecture_details,architecture,prose,card
twil_smollm,lineage,param_count,architecture,structured,hub_api
twil_smollm,lineage,input_modalities,architecture,structured,card_metadata
twil_smollm,lineage,max_input_size,architecture,structured,repo_config
twil_smollm,lineage,output_modalities,architecture,structured,card_metadata
twil_smollm,lineage,max_output_size,architecture,not_stated,card
twil_smollm,lineage,task,architecture,structured,card_metadata
twil_smollm,lineage,weights_precision,architecture,structured,repo_config
twil_smollm,lineage,training_datasets,training_data,not_stated,card
twil_smollm,lineage,data_modality,training_data,not_stated,card
twil_smollm,lineage,data_provenance,training_data,prose,card
twil_smollm,lineage,data_acquisition,training_data,prose,card
twil_smollm,lineage,training_data_size,training_data,not_stated,card
twil_smollm,lineage,data_scope,training_data,prose,card
twil_smollm,lineage,knowledge_cutoff,training_data,not_stated,card
twil_smollm,lineage,data_curation,training_data,not_stated,card
twil_smollm,lineage,unsuitable_data_measures,training_data,not_stated,card
twil_smollm,lineage,personal_data,training_data,not_stated,card
twil_smollm,lineage,data_bias_measures,training_data,not_stated,card
twil_smollm,lineage,training_method,training_process,prose,card
twil_smollm,lineage,design_rationale,training_process,prose,card
twil_smollm,lineage,hyperparameters,training_process,not_stated,card
twil_smollm,lineage,training_hardware,training_process,not_stated,card
twil_smollm,lineage,training_time,training_process,not_stated,card
twil_smollm,lineage,training_compute,training_process,not_stated,card
twil_smollm,lineage,compute_methodology,training_process,not_stated,card
twil_smollm,lineage,training_energy,energy,not_stated,card
twil_smollm,lineage,energy_methodology,energy,not_stated,card
twil_smollm,lineage,carbon_emissions,energy,not_stated,card
twil_smollm,lineage,inference_compute,energy,not_stated,card
twil_smollm,lineage,intended_uses,use,prose,card
twil_smollm,lineage,out_of_scope_uses,use,prose,card
twil_smollm,lineage,target_systems,use,not_stated,card
twil_smollm,lineage,integration_means,use,prose,card
twil_smollm,lineage,required_hardware,use,prose,card
twil_smollm,lineage,required_software,use,structured,card_metadata
twil_smollm,lineage,limitations,use,prose,card
twil_smollm,lineage,languages,use,structured,card_metadata
twil_smollm,lineage,eval_results,evaluation,prose,card
twil_smollm,lineage,eval_datasets,evaluation,prose,card
twil_smollm,lineage,eval_methodology,evaluation,prose,card
twil_smollm,lineage,safety_evaluation,safety,not_stated,card
twil_smollm,lineage,bias_fairness_evaluation,safety,not_stated,card
twil_smollm,lineage,autonomy,safety,not_stated,card
twil_smollm,lineage,explainability,safety,not_stated,card
twil_smollm,lineage,standards_compliance,safety,not_stated,card
twil_smollm,lineage,base_model,lineage,structured,card_metadata
twil_smollm,lineage,base_model_relation,lineage,structured,hub_api
twil_smollm,lineage,distribution_channels,distribution,prose,card
twil_smollm,lineage,download_location,distribution,structured,hub_api
