fact_id,olmo,llama,gemma,mistral,qwen,deepseek,phi,smollm,falcon,granite,olmo_gguf,molmo2,internvl_gptoss,twil_smollm
provider_name,prose,prose,prose,prose,prose,prose,prose,not_stated,prose,prose,prose,prose,not_stated,prose
model_name,structured,structured,structured,structured,structured,structured,structured,structured,structured,structured,structured,structured,structured,structured
model_version,structured,structured,structured,structured,structured,structured,structured,structured,structured,structured,structured,structured,structured,structured
model_authenticity,structured,structured,structured,structured,structured,structured,structured,structured,structured,structured,structured,structured,structured,structured
release_date,not_stated,prose,not_stated,not_stated,not_stated,not_stated,prose,not_stated,not_stated,prose,not_stated,not_stated,not_stated,not_stated
eu_release_date,not_stated,not_stated,not_stated,not_stated,not_stated,not_stated,not_stated,not_stated,not_stated,not_stated,not_stated,not_stated,not_stated,not_stated
license,structured,structured,structured,structured,structured,structured,structured,structured,structured,structured,structured,structured,structured,structured
acceptable_use_policy,prose,prose,not_stated,prose,not_stated,not_stated,prose,not_stated,not_stated,not_stated,prose,prose,not_stated,not_stated
access_conditions,structured,structured,structured,structured,structured,structured,structured,structured,structured,structured,structured,structured,structured,structured
additional_assets,prose,prose,prose,prose,prose,prose,prose,prose,prose,prose,prose,prose,prose,prose
architecture_family,prose,prose,prose,prose,prose,prose,prose,prose,prose,prose,prose,prose,prose,prose
architecture_details,not_stated,prose,prose,prose,prose,prose,prose,prose,prose,prose,not_stated,prose,prose,prose
param_count,structured,structured,structured,structured,structured,structured,structured,structured,structured,structured,structured,structured,structured,structured
input_modalities,structured,structured,structured,prose,structured,structured,structured,structured,structured,structured,not_stated,structured,structured,structured
max_input_size,structured,prose,structured,structured,structured,structured,structured,structured,structured,structured,not_stated,structured,structured,structured
output_modalities,structured,structured,structured,prose,structured,structured,structured,structured,structured,structured,not_stated,structured,structured,structured
max_output_size,not_stated,not_stated,not_stated,not_stated,prose,not_stated,not_stated,not_stated,prose,prose,not_stated,not_stated,not_stated,not_stated
task,structured,structured,structured,not_stated,structured,structured,structured,structured,structured,structured,not_stated,structured,structured,structured
weights_precision,structured,prose,structured,structured,structured,structured,structured,structured,structured,structured,structured,structured,structured,structured
training_datasets,structured,not_stated,not_stated,not_stated,not_stated,not_stated,not_stated,not_stated,not_stated,not_stated,prose,structured,structured,not_stated
data_modality,not_stated,prose,prose,not_stated,not_stated,prose,prose,not_stated,not_stated,not_stated,not_stated,prose,prose,not_stated
data_provenance,not_stated,prose,prose,not_stated,not_stated,prose,prose,prose,not_stated,prose,not_stated,prose,prose,prose
data_acquisition,not_stated,prose,prose,not_stated,not_stated,prose,prose,prose,not_stated,prose,not_stated,prose,prose,prose
training_data_size,not_stated,prose,not_stated,not_stated,not_stated,prose,not_stated,prose,not_stated,not_stated,not_stated,not_stated,not_stated,not_stated
data_scope,prose,prose,prose,not_stated,not_stated,prose,prose,prose,not_stated,prose,prose,prose,prose,prose
knowledge_cutoff,prose,prose,prose,not_stated,not_stated,not_stated,not_stated,not_stated,not_stated,not_stated,prose,not_stated,not_stated,not_stated
data_curation,not_stated,prose,prose,not_stated,not_stated,prose,prose,not_stated,not_stated,not_stated,not_stated,not_stated,prose,not_stated
unsuitable_data_measures,not_stated,prose,prose,not_stated,not_stated,not_stated,not_stated,not_stated,not_stated,not_stated,not_stated,not_stated,not_stated,not_stated
personal_data,not_stated,prose,prose,not_stated,not_stated,not_stated,not_stated,not_stated,not_stated,not_stated,not_stated,not_stated,not_stated,not_stated
data_bias_measures,not_stated,not_stated,prose,not_stated,not_stated,not_stated,prose,not_stated,not_stated,not_stated,not_stated,not_stated,not_stated,not_stated
training_method,prose,prose,not_stated,prose,prose,prose,prose,prose,prose,prose,prose,not_stated,prose,prose
design_rationale,not_stated,prose,prose,prose,not_stated,prose,prose,not_stated,not_stated,prose,not_stated,not_stated,prose,prose
hyperparameters,not_stated,not_stated,not_stated,not_stated,not_stated,prose,not_stated,not_stated,not_stated,not_stated,not_stated,not_stated,prose,not_stated
training_hardware,not_stated,prose,not_stated,not_stated,not_stated,not_stated,prose,prose,not_stated,prose,not_stated,not_stated,not_stated,not_stated
training_time,not_stated,prose,not_stated,not_stated,not_stated,not_stated,prose,not_stated,not_stated,not_stated,not_stated,not_stated,not_stated,not_stated
training_compute,not_stated,not_stated,not_stated,not_stated,not_stated,not_stated,not_stated,not_stated,not_stated,not_stated,not_stated,not_stated,not_stated,not_stated
compute_methodology,not_stated,prose,not_stated,not_stated,not_stated,not_stated,not_stated,not_stated,not_stated,not_stated,not_stated,not_stated,not_stated,not_stated
training_energy,not_stated,not_stated,not_stated,not_stated,not_stated,not_stated,not_stated,not_stated,not_stated,not_stated,not_stated,not_stated,not_stated,not_stated
energy_methodology,not_stated,prose,not_stated,not_stated,not_stated,not_stated,not_stated,not_stated,not_stated,not_stated,not_stated,not_stated,not_stated,not_stated
carbon_emissions,not_stated,prose,not_stated,not_stated,not_stated,not_stated,not_stated,not_stated,not_stated,not_stated,not_stated,not_stated,not_stated,not_stated
inference_compute,not_stated,not_stated,not_stated,not_stated,not_stated,not_stated,not_stated,not_stated,not_stated,not_stated,not_stated,not_stated,not_stated,not_stated
intended_uses,prose,prose,prose,prose,prose,not_stated,prose,prose,not_stated,prose,prose,prose,not_stated,prose
out_of_scope_uses,not_stated,prose,not_stated,prose,not_stated,not_stated,prose,prose,not_stated,not_stated,not_stated,prose,not_stated,prose
target_systems,not_stated,prose,prose,prose,prose,prose,prose,prose,not_stated,prose,not_stated,not_stated,prose,not_stated
integration_means,prose,prose,prose,prose,prose,prose,prose,prose,prose,prose,prose,prose,prose,prose
required_hardware,not_stated,prose,not_stated,prose,not_stated,not_stated,not_stated,not_stated,not_stated,not_stated,not_stated,not_stated,prose,prose
required_software,structured,structured,structured,structured,structured,structured,structured,structured,structured,structured,prose,structured,structured,structured
limitations,prose,prose,prose,prose,prose,not_stated,prose,prose,prose,prose,prose,not_stated,prose,prose
languages,structured,structured,prose,structured,not_stated,not_stated,structured,structured,structured,structured,structured,structured,structured,structured
eval_results,prose,prose,prose,prose,prose,prose,structured,prose,prose,prose,prose,prose,not_stated,prose
eval_datasets,prose,prose,prose,prose,prose,prose,structured,prose,prose,prose,rejected_quote,not_stated,prose,prose
eval_methodology,not_stated,prose,not_stated,not_stated,prose,prose,prose,prose,prose,prose,not_stated,not_stated,prose,prose
safety_evaluation,prose,prose,prose,not_stated,not_stated,not_stated,prose,not_stated,not_stated,not_stated,prose,not_stated,not_stated,not_stated
bias_fairness_evaluation,not_stated,not_stated,not_stated,not_stated,not_stated,not_stated,not_stated,not_stated,not_stated,not_stated,not_stated,not_stated,not_stated,not_stated
autonomy,not_stated,not_stated,prose,not_stated,prose,not_stated,not_stated,prose,not_stated,not_stated,not_stated,not_stated,not_stated,not_stated
explainability,not_stated,not_stated,not_stated,not_stated,not_stated,not_stated,not_stated,not_stated,not_stated,not_stated,not_stated,not_stated,not_stated,not_stated
standards_compliance,not_stated,not_stated,prose,not_stated,not_stated,not_stated,prose,prose,not_stated,not_stated,not_stated,not_stated,not_stated,not_stated
base_model,structured,structured,structured,not_stated,not_stated,not_stated,structured,structured,structured,structured,structured,structured,structured,structured
base_model_relation,structured,structured,structured,not_stated,not_stated,not_stated,structured,structured,structured,structured,structured,structured,structured,structured
distribution_channels,prose,prose,prose,prose,prose,prose,prose,prose,not_stated,prose,prose,prose,prose,prose
download_location,structured,structured,structured,structured,structured,structured,structured,structured,structured,structured,structured,structured,structured,structured
